Dataset,Domain URI,Domain,Predicate URI,Predicate,Range URI,Range,Property kind,Predicate namespace
YAGO,http://schema.org/Book,Book,http://schema.org/numberOfPages,numberOfPages,http://www.w3.org/2001/XMLSchema#decimal,decimal,datatype,http://schema.org/
YAGO,http://schema.org/Book,Book,http://schema.org/illustrator,illustrator,http://schema.org/Person,Person,object,http://schema.org/
YAGO,http://schema.org/Book,Book,http://schema.org/editor,editor,http://schema.org/Person,Person,object,http://schema.org/
YAGO,http://schema.org/Book,Book,http://schema.org/publisher,publisher,http://schema.org/Organization,Organization,object,http://schema.org/
YAGO,http://schema.org/Book,Book,http://schema.org/publisher,publisher,http://schema.org/Person,Person,object,http://schema.org/
YAGO,http://schema.org/Book,Book,http://schema.org/isbn,isbn,http://www.w3.org/2001/XMLSchema#string,string,datatype,http://schema.org/
YAGO,http://yago-knowledge.org/resource/Academic,Academic,http://yago-knowledge.org/resource/doctoralAdvisor,doctoralAdvisor,http://schema.org/Person,Person,object,http://yago-knowledge.org/resource/
YAGO,http://yago-knowledge.org/resource/Academic,Academic,http://yago-knowledge.org/resource/studentOf,studentOf,http://schema.org/Person,Person,object,http://yago-knowledge.org/resource/
YAGO,http://schema.org/Taxon,Taxon,http://schema.org/parentTaxon,parentTaxon,http://schema.org/Taxon,Taxon,object,http://schema.org/
YAGO,http://schema.org/Taxon,Taxon,http://yago-knowledge.org/resource/consumes,consumes,http://schema.org/Taxon,Taxon,object,http://yago-knowledge.org/resource/
YAGO,http://schema.org/MusicGroup,MusicGroup,http://yago-knowledge.org/resource/influencedBy,influencedBy,http://schema.org/Thing,Thing,object,http://yago-knowledge.org/resource/
YAGO,http://schema.org/MusicGroup,MusicGroup,http://schema.org/recordLabel,recordLabel,http://schema.org/Organization,Organization,object,http://schema.org/
YAGO,http://schema.org/Product,Product,http://schema.org/material,material,http://schema.org/Product,Product,object,http://schema.org/
YAGO,http://schema.org/Product,Product,http://schema.org/dateCreated,dateCreated,http://www.w3.org/2001/XMLSchema#dateTime,dateTime,datatype,http://schema.org/
YAGO,http://schema.org/Product,Product,http://schema.org/dateCreated,dateCreated,http://www.w3.org/2001/XMLSchema#date,date,datatype,http://schema.org/
YAGO,http://schema.org/Product,Product,http://schema.org/dateCreated,dateCreated,http://www.w3.org/2001/XMLSchema#gYearMonth,gYearMonth,datatype,http://schema.org/
YAGO,http://schema.org/Product,Product,http://schema.org/dateCreated,dateCreated,http://www.w3.org/2001/XMLSchema#gYear,gYear,datatype,http://schema.org/
YAGO,http://schema.org/Product,Product,http://schema.org/manufacturer,manufacturer,http://schema.org/Corporation,Corporation,object,http://schema.org/
YAGO,http://schema.org/Product,Product,http://schema.org/gtin,gtin,http://www.w3.org/2001/XMLSchema#string,string,datatype,http://schema.org/
YAGO,http://schema.org/Product,Product,http://schema.org/award,award,http://yago-knowledge.org/resource/Award,Award,object,http://schema.org/
YAGO,http://yago-knowledge.org/resource/Creator,Creator,http://yago-knowledge.org/resource/notableWork,notableWork,http://schema.org/CreativeWork,CreativeWork,object,http://yago-knowledge.org/resource/
YAGO,http://yago-knowledge.org/resource/Creator,Creator,http://yago-knowledge.org/resource/influencedBy,influencedBy,http://schema.org/Thing,Thing,object,http://yago-knowledge.org/resource/
YAGO,http://yago-knowledge.org/resource/Politician,Politician,http://yago-knowledge.org/resource/candidateIn,candidateIn,http://schema.org/Event,Event,object,http://yago-knowledge.org/resource/
YAGO,http://yago-knowledge.org/resource/SportsPerson,SportsPerson,http://yago-knowledge.org/resource/playsIn,playsIn,http://schema.org/Event,Event,object,http://yago-knowledge.org/resource/
YAGO,http://yago-knowledge.org/resource/SportsPerson,SportsPerson,http://yago-knowledge.org/resource/sportNumber,sportNumber,http://www.w3.org/2001/XMLSchema#string,string,datatype,http://yago-knowledge.org/resource/
YAGO,http://schema.org/Thing,Thing,http://schema.org/mainEntityOfPage,mainEntityOfPage,http://www.w3.org/2001/XMLSchema#anyURI,anyURI,datatype,http://schema.org/
YAGO,http://schema.org/Thing,Thing,http://www.w3.org/2000/01/rdf-schema#label,label,http://www.w3.org/1999/02/22-rdf-syntax-ns#langString,langString,datatype,http://www.w3.org/2000/01/rdf-schema#
YAGO,http://schema.org/Thing,Thing,http://schema.org/url,url,http://www.w3.org/2001/XMLSchema#anyURI,anyURI,datatype,http://schema.org/
YAGO,http://schema.org/Thing,Thing,http://schema.org/sameAs,sameAs,http://www.w3.org/2001/XMLSchema#string,string,datatype,http://schema.org/
YAGO,http://schema.org/Thing,Thing,http://schema.org/alternateName,alternateName,http://www.w3.org/1999/02/22-rdf-syntax-ns#langString,langString,datatype,http://schema.org/
YAGO,http://schema.org/Thing,Thing,http://www.w3.org/2000/01/rdf-schema#comment,comment,http://www.w3.org/1999/02/22-rdf-syntax-ns#langString,langString,datatype,http://www.w3.org/2000/01/rdf-schema#
YAGO,http://schema.org/Thing,Thing,http://schema.org/image,image,http://www.w3.org/2001/XMLSchema#anyURI,anyURI,datatype,http://schema.org/
YAGO,http://yago-knowledge.org/resource/FictionalEntity,FictionalEntity,http://schema.org/performer,performer,http://schema.org/Person,Person,object,http://schema.org/
YAGO,http://yago-knowledge.org/resource/FictionalEntity,FictionalEntity,http://yago-knowledge.org/resource/appearsIn,appearsIn,http://schema.org/CreativeWork,CreativeWork,object,http://yago-knowledge.org/resource/
YAGO,http://yago-knowledge.org/resource/FictionalEntity,FictionalEntity,http://schema.org/author,author,http://schema.org/Organization,Organization,object,http://schema.org/
YAGO,http://yago-knowledge.org/resource/FictionalEntity,FictionalEntity,http://schema.org/author,author,http://schema.org/Person,Person,object,http://schema.org/
YAGO,http://schema.org/TVSeries,TVSeries,http://schema.org/director,director,http://schema.org/Person,Person,object,http://schema.org/
YAGO,http://schema.org/TVSeries,TVSeries,http://schema.org/musicBy,musicBy,http://schema.org/MusicGroup,MusicGroup,object,http://schema.org/
YAGO,http://schema.org/TVSeries,TVSeries,http://schema.org/musicBy,musicBy,http://schema.org/Person,Person,object,http://schema.org/
YAGO,http://schema.org/TVSeries,TVSeries,http://schema.org/actor,actor,http://schema.org/Person,Person,object,http://schema.org/
YAGO,http://schema.org/TVSeries,TVSeries,http://schema.org/numberOfSeasons,numberOfSeasons,http://www.w3.org/2001/XMLSchema#decimal,decimal,datatype,http://schema.org/
YAGO,http://schema.org/TVSeries,TVSeries,http://schema.org/productionCompany,productionCompany,http://schema.org/Organization,Organization,object,http://schema.org/
YAGO,http://schema.org/TVSeries,TVSeries,http://schema.org/numberOfEpisodes,numberOfEpisodes,http://www.w3.org/2001/XMLSchema#decimal,decimal,datatype,http://schema.org/
YAGO,http://schema.org/TVSeries,TVSeries,http://schema.org/locationCreated,locationCreated,http://schema.org/Place,Place,object,http://schema.org/
YAGO,http://schema.org/BodyOfWater,BodyOfWater,http://yago-knowledge.org/resource/flowsInto,flowsInto,http://schema.org/BodyOfWater,BodyOfWater,object,http://yago-knowledge.org/resource/
YAGO,http://schema.org/Event,Event,http://schema.org/endDate,endDate,http://www.w3.org/2001/XMLSchema#dateTime,dateTime,datatype,http://schema.org/
YAGO,http://schema.org/Event,Event,http://schema.org/endDate,endDate,http://www.w3.org/2001/XMLSchema#date,date,datatype,http://schema.org/
YAGO,http://schema.org/Event,Event,http://schema.org/endDate,endDate,http://www.w3.org/2001/XMLSchema#gYearMonth,gYearMonth,datatype,http://schema.org/
YAGO,http://schema.org/Event,Event,http://schema.org/endDate,endDate,http://www.w3.org/2001/XMLSchema#gYear,gYear,datatype,http://schema.org/
YAGO,http://schema.org/Event,Event,http://yago-knowledge.org/resource/follows,follows,http://schema.org/Event,Event,object,http://yago-knowledge.org/resource/
YAGO,http://schema.org/Event,Event,http://schema.org/superEvent,superEvent,http://schema.org/Event,Event,object,http://schema.org/
YAGO,http://schema.org/Event,Event,http://schema.org/sponsor,sponsor,http://schema.org/Organization,Organization,object,http://schema.org/
YAGO,http://schema.org/Event,Event,http://schema.org/sponsor,sponsor,http://schema.org/Person,Person,object,http://schema.org/
YAGO,http://schema.org/Event,Event,http://yago-knowledge.org/resource/participant,participant,http://schema.org/Organization,Organization,object,http://yago-knowledge.org/resource/
YAGO,http://schema.org/Event,Event,http://yago-knowledge.org/resource/participant,participant,http://schema.org/Person,Person,object,http://yago-knowledge.org/resource/
YAGO,http://schema.org/Event,Event,http://schema.org/about,about,http://schema.org/Thing,Thing,object,http://schema.org/
YAGO,http://schema.org/Event,Event,http://schema.org/location,location,http://schema.org/Place,Place,object,http://schema.org/
YAGO,http://schema.org/Event,Event,http://schema.org/startDate,startDate,http://www.w3.org/2001/XMLSchema#dateTime,dateTime,datatype,http://schema.org/
YAGO,http://schema.org/Event,Event,http://schema.org/startDate,startDate,http://www.w3.org/2001/XMLSchema#date,date,datatype,http://schema.org/
YAGO,http://schema.org/Event,Event,http://schema.org/startDate,startDate,http://www.w3.org/2001/XMLSchema#gYearMonth,gYearMonth,datatype,http://schema.org/
YAGO,http://schema.org/Event,Event,http://schema.org/startDate,startDate,http://www.w3.org/2001/XMLSchema#gYear,gYear,datatype,http://schema.org/
YAGO,http://schema.org/Event,Event,http://schema.org/organizer,organizer,http://schema.org/Person,Person,object,http://schema.org/
YAGO,http://schema.org/Event,Event,http://schema.org/organizer,organizer,http://schema.org/Organization,Organization,object,http://schema.org/
YAGO,http://schema.org/Person,Person,http://schema.org/children,children,http://schema.org/Person,Person,object,http://schema.org/
YAGO,http://schema.org/Person,Person,http://schema.org/homeLocation,homeLocation,http://schema.org/Place,Place,object,http://schema.org/
YAGO,http://schema.org/Person,Person,http://schema.org/birthPlace,birthPlace,http://schema.org/Place,Place,object,http://schema.org/
YAGO,http://schema.org/Person,Person,http://schema.org/knowsLanguage,knowsLanguage,http://schema.org/Language,Language,object,http://schema.org/
YAGO,http://schema.org/Person,Person,http://schema.org/award,award,http://yago-knowledge.org/resource/Award,Award,object,http://schema.org/
YAGO,http://schema.org/Person,Person,http://schema.org/memberOf,memberOf,http://schema.org/Organization,Organization,object,http://schema.org/
YAGO,http://schema.org/Person,Person,http://schema.org/owns,owns,http://schema.org/Thing,Thing,object,http://schema.org/
YAGO,http://schema.org/Person,Person,http://schema.org/gender,gender,http://yago-knowledge.org/resource/Gender,Gender,object,http://schema.org/
YAGO,http://schema.org/Person,Person,http://yago-knowledge.org/resource/academicDegree,academicDegree,http://yago-knowledge.org/resource/Award,Award,object,http://yago-knowledge.org/resource/
YAGO,http://schema.org/Person,Person,http://schema.org/spouse,spouse,http://schema.org/Person,Person,object,http://schema.org/
YAGO,http://schema.org/Person,Person,http://schema.org/deathPlace,deathPlace,http://schema.org/Place,Place,object,http://schema.org/
YAGO,http://schema.org/Person,Person,http://schema.org/birthDate,birthDate,http://www.w3.org/2001/XMLSchema#dateTime,dateTime,datatype,http://schema.org/
YAGO,http://schema.org/Person,Person,http://schema.org/birthDate,birthDate,http://www.w3.org/2001/XMLSchema#date,date,datatype,http://schema.org/
YAGO,http://schema.org/Person,Person,http://schema.org/birthDate,birthDate,http://www.w3.org/2001/XMLSchema#gYearMonth,gYearMonth,datatype,http://schema.org/
YAGO,http://schema.org/Person,Person,http://schema.org/birthDate,birthDate,http://www.w3.org/2001/XMLSchema#gYear,gYear,datatype,http://schema.org/
YAGO,http://schema.org/Person,Person,http://schema.org/worksFor,worksFor,http://schema.org/Organization,Organization,object,http://schema.org/
YAGO,http://schema.org/Person,Person,http://yago-knowledge.org/resource/beliefSystem,beliefSystem,http://yago-knowledge.org/resource/BeliefSystem,BeliefSystem,object,http://yago-knowledge.org/resource/
YAGO,http://schema.org/Person,Person,http://schema.org/affiliation,affiliation,http://schema.org/Organization,Organization,object,http://schema.org/
YAGO,http://schema.org/Person,Person,http://schema.org/nationality,nationality,http://schema.org/Country,Country,object,http://schema.org/
YAGO,http://schema.org/Person,Person,http://schema.org/deathDate,deathDate,http://www.w3.org/2001/XMLSchema#dateTime,dateTime,datatype,http://schema.org/
YAGO,http://schema.org/Person,Person,http://schema.org/deathDate,deathDate,http://www.w3.org/2001/XMLSchema#date,date,datatype,http://schema.org/
YAGO,http://schema.org/Person,Person,http://schema.org/deathDate,deathDate,http://www.w3.org/2001/XMLSchema#gYearMonth,gYearMonth,datatype,http://schema.org/
YAGO,http://schema.org/Person,Person,http://schema.org/deathDate,deathDate,http://www.w3.org/2001/XMLSchema#gYear,gYear,datatype,http://schema.org/
YAGO,http://schema.org/Person,Person,http://schema.org/alumniOf,alumniOf,http://schema.org/Organization,Organization,object,http://schema.org/
YAGO,http://yago-knowledge.org/resource/HumanMadeGeographicalEntity,HumanMadeGeographicalEntity,http://schema.org/dateCreated,dateCreated,http://www.w3.org/2001/XMLSchema#dateTime,dateTime,datatype,http://schema.org/
YAGO,http://yago-knowledge.org/resource/HumanMadeGeographicalEntity,HumanMadeGeographicalEntity,http://yago-knowledge.org/resource/ownedBy,ownedBy,http://schema.org/Organization,Organization,object,http://yago-knowledge.org/resource/
YAGO,http://yago-knowledge.org/resource/HumanMadeGeographicalEntity,HumanMadeGeographicalEntity,http://yago-knowledge.org/resource/ownedBy,ownedBy,http://schema.org/Person,Person,object,http://yago-knowledge.org/resource/
YAGO,http://yago-knowledge.org/resource/Way,Way,http://yago-knowledge.org/resource/length,length,http://www.w3.org/2001/XMLSchema#decimal,decimal,datatype,http://yago-knowledge.org/resource/
YAGO,http://yago-knowledge.org/resource/Way,Way,http://yago-knowledge.org/resource/terminus,terminus,http://schema.org/Place,Place,object,http://yago-knowledge.org/resource/
YAGO,http://schema.org/Airline,Airline,http://schema.org/iataCode,iataCode,http://www.w3.org/2001/XMLSchema#string,string,datatype,http://schema.org/
YAGO,http://schema.org/Airline,Airline,http://schema.org/icaoCode,icaoCode,http://www.w3.org/2001/XMLSchema#string,string,datatype,http://schema.org/
YAGO,http://schema.org/EducationalOrganization,EducationalOrganization,http://yago-knowledge.org/resource/studentsCount,studentsCount,http://www.w3.org/2001/XMLSchema#decimal,decimal,datatype,http://yago-knowledge.org/resource/
YAGO,http://schema.org/Organization,Organization,http://schema.org/locationCreated,locationCreated,http://schema.org/Place,Place,object,http://schema.org/
YAGO,http://schema.org/Organization,Organization,http://yago-knowledge.org/resource/leader,leader,http://schema.org/Person,Person,object,http://yago-knowledge.org/resource/
YAGO,http://schema.org/Organization,Organization,http://schema.org/dissolutionDate,dissolutionDate,http://www.w3.org/2001/XMLSchema#dateTime,dateTime,datatype,http://schema.org/
YAGO,http://schema.org/Organization,Organization,http://schema.org/dissolutionDate,dissolutionDate,http://www.w3.org/2001/XMLSchema#date,date,datatype,http://schema.org/
YAGO,http://schema.org/Organization,Organization,http://schema.org/dissolutionDate,dissolutionDate,http://www.w3.org/2001/XMLSchema#gYearMonth,gYearMonth,datatype,http://schema.org/
YAGO,http://schema.org/Organization,Organization,http://schema.org/dissolutionDate,dissolutionDate,http://www.w3.org/2001/XMLSchema#gYear,gYear,datatype,http://schema.org/
YAGO,http://schema.org/Organization,Organization,http://schema.org/memberOf,memberOf,http://schema.org/Organization,Organization,object,http://schema.org/
YAGO,http://schema.org/Organization,Organization,http://schema.org/award,award,http://yago-knowledge.org/resource/Award,Award,object,http://schema.org/
YAGO,http://schema.org/Organization,Organization,http://schema.org/leiCode,leiCode,http://www.w3.org/2001/XMLSchema#string,string,datatype,http://schema.org/
YAGO,http://schema.org/Organization,Organization,http://schema.org/address,address,http://www.w3.org/2001/XMLSchema#string,string,datatype,http://schema.org/
YAGO,http://schema.org/Organization,Organization,http://schema.org/slogan,slogan,http://www.w3.org/2001/XMLSchema#string,string,datatype,http://schema.org/
YAGO,http://schema.org/Organization,Organization,http://schema.org/numberOfEmployees,numberOfEmployees,http://www.w3.org/2001/XMLSchema#decimal,decimal,datatype,http://schema.org/
YAGO,http://schema.org/Organization,Organization,http://schema.org/dateCreated,dateCreated,http://www.w3.org/2001/XMLSchema#dateTime,dateTime,datatype,http://schema.org/
YAGO,http://schema.org/Organization,Organization,http://schema.org/dateCreated,dateCreated,http://www.w3.org/2001/XMLSchema#date,date,datatype,http://schema.org/
YAGO,http://schema.org/Organization,Organization,http://schema.org/dateCreated,dateCreated,http://www.w3.org/2001/XMLSchema#gYearMonth,gYearMonth,datatype,http://schema.org/
YAGO,http://schema.org/Organization,Organization,http://schema.org/dateCreated,dateCreated,http://www.w3.org/2001/XMLSchema#gYear,gYear,datatype,http://schema.org/
YAGO,http://schema.org/Organization,Organization,http://schema.org/logo,logo,http://www.w3.org/2001/XMLSchema#anyURI,anyURI,datatype,http://schema.org/
YAGO,http://schema.org/Organization,Organization,http://schema.org/duns,duns,http://www.w3.org/2001/XMLSchema#string,string,datatype,http://schema.org/
YAGO,http://schema.org/Organization,Organization,http://yago-knowledge.org/resource/ownedBy,ownedBy,http://schema.org/Organization,Organization,object,http://yago-knowledge.org/resource/
YAGO,http://schema.org/Organization,Organization,http://yago-knowledge.org/resource/ownedBy,ownedBy,http://schema.org/Person,Person,object,http://yago-knowledge.org/resource/
YAGO,http://schema.org/Organization,Organization,http://schema.org/founder,founder,http://schema.org/Person,Person,object,http://schema.org/
YAGO,http://schema.org/Organization,Organization,http://schema.org/location,location,http://schema.org/Place,Place,object,http://schema.org/
YAGO,http://schema.org/PerformingGroup,PerformingGroup,http://schema.org/knowsLanguage,knowsLanguage,http://schema.org/Language,Language,object,http://schema.org/
YAGO,http://schema.org/PerformingGroup,PerformingGroup,http://yago-knowledge.org/resource/notableWork,notableWork,http://schema.org/CreativeWork,CreativeWork,object,http://yago-knowledge.org/resource/
YAGO,http://schema.org/PerformingGroup,PerformingGroup,http://yago-knowledge.org/resource/director,director,http://schema.org/Person,Person,object,http://yago-knowledge.org/resource/
YAGO,http://schema.org/Country,Country,http://yago-knowledge.org/resource/officialLanguage,officialLanguage,http://schema.org/Language,Language,object,http://yago-knowledge.org/resource/
YAGO,http://schema.org/Country,Country,http://yago-knowledge.org/resource/humanDevelopmentIndex,humanDevelopmentIndex,http://www.w3.org/2001/XMLSchema#decimal,decimal,datatype,http://yago-knowledge.org/resource/
YAGO,http://schema.org/Country,Country,http://yago-knowledge.org/resource/unemploymentRate,unemploymentRate,http://www.w3.org/2001/XMLSchema#decimal,decimal,datatype,http://yago-knowledge.org/resource/
YAGO,http://www.w3.org/2000/01/rdf-schema#Class,Class,http://www.w3.org/2000/01/rdf-schema#comment,comment,http://www.w3.org/1999/02/22-rdf-syntax-ns#langString,langString,datatype,http://www.w3.org/2000/01/rdf-schema#
YAGO,http://www.w3.org/2000/01/rdf-schema#Class,Class,http://schema.org/mainEntityOfPage,mainEntityOfPage,http://www.w3.org/2001/XMLSchema#anyURI,anyURI,datatype,http://schema.org/
YAGO,http://www.w3.org/2000/01/rdf-schema#Class,Class,http://schema.org/sameAs,sameAs,http://www.w3.org/2001/XMLSchema#string,string,datatype,http://schema.org/
YAGO,http://www.w3.org/2000/01/rdf-schema#Class,Class,http://schema.org/alternateName,alternateName,http://www.w3.org/1999/02/22-rdf-syntax-ns#langString,langString,datatype,http://schema.org/
YAGO,http://www.w3.org/2000/01/rdf-schema#Class,Class,http://www.w3.org/2000/01/rdf-schema#label,label,http://www.w3.org/1999/02/22-rdf-syntax-ns#langString,langString,datatype,http://www.w3.org/2000/01/rdf-schema#
YAGO,http://schema.org/Movie,Movie,http://schema.org/director,director,http://schema.org/Person,Person,object,http://schema.org/
YAGO,http://schema.org/Movie,Movie,http://schema.org/actor,actor,http://schema.org/Person,Person,object,http://schema.org/
YAGO,http://schema.org/Movie,Movie,http://schema.org/musicBy,musicBy,http://schema.org/MusicGroup,MusicGroup,object,http://schema.org/
YAGO,http://schema.org/Movie,Movie,http://schema.org/musicBy,musicBy,http://schema.org/Person,Person,object,http://schema.org/
YAGO,http://schema.org/Movie,Movie,http://schema.org/duration,duration,http://www.w3.org/2001/XMLSchema#decimal,decimal,datatype,http://schema.org/
YAGO,http://schema.org/Movie,Movie,http://schema.org/locationCreated,locationCreated,http://schema.org/Place,Place,object,http://schema.org/
YAGO,http://schema.org/Movie,Movie,http://schema.org/productionCompany,productionCompany,http://schema.org/Organization,Organization,object,http://schema.org/
YAGO,http://yago-knowledge.org/resource/Award,Award,http://yago-knowledge.org/resource/conferredBy,conferredBy,http://schema.org/Organization,Organization,object,http://yago-knowledge.org/resource/
YAGO,http://yago-knowledge.org/resource/Award,Award,http://yago-knowledge.org/resource/conferredBy,conferredBy,http://schema.org/Person,Person,object,http://yago-knowledge.org/resource/
YAGO,http://schema.org/MusicComposition,MusicComposition,http://schema.org/lyricist,lyricist,http://schema.org/Person,Person,object,http://schema.org/
YAGO,http://schema.org/MusicComposition,MusicComposition,http://schema.org/lyricist,lyricist,http://schema.org/MusicGroup,MusicGroup,object,http://schema.org/
YAGO,http://schema.org/MusicComposition,MusicComposition,http://schema.org/musicBy,musicBy,http://schema.org/Person,Person,object,http://schema.org/
YAGO,http://schema.org/MusicComposition,MusicComposition,http://schema.org/musicBy,musicBy,http://schema.org/MusicGroup,MusicGroup,object,http://schema.org/
YAGO,http://schema.org/MusicComposition,MusicComposition,http://yago-knowledge.org/resource/iswcCode,iswcCode,http://www.w3.org/2001/XMLSchema#string,string,datatype,http://yago-knowledge.org/resource/
YAGO,http://yago-knowledge.org/resource/AstronomicalObject,AstronomicalObject,http://yago-knowledge.org/resource/mass,mass,http://www.w3.org/2001/XMLSchema#decimal,decimal,datatype,http://yago-knowledge.org/resource/
YAGO,http://yago-knowledge.org/resource/AstronomicalObject,AstronomicalObject,http://yago-knowledge.org/resource/radialVelocity,radialVelocity,http://www.w3.org/2001/XMLSchema#decimal,decimal,datatype,http://yago-knowledge.org/resource/
YAGO,http://yago-knowledge.org/resource/AstronomicalObject,AstronomicalObject,http://yago-knowledge.org/resource/parallax,parallax,http://www.w3.org/2001/XMLSchema#decimal,decimal,datatype,http://yago-knowledge.org/resource/
YAGO,http://yago-knowledge.org/resource/AstronomicalObject,AstronomicalObject,http://yago-knowledge.org/resource/luminosity,luminosity,http://www.w3.org/2001/XMLSchema#decimal,decimal,datatype,http://yago-knowledge.org/resource/
YAGO,http://yago-knowledge.org/resource/AstronomicalObject,AstronomicalObject,http://yago-knowledge.org/resource/parentBody,parentBody,http://yago-knowledge.org/resource/AstronomicalObject,AstronomicalObject,object,http://yago-knowledge.org/resource/
YAGO,http://yago-knowledge.org/resource/AstronomicalObject,AstronomicalObject,http://yago-knowledge.org/resource/distanceFromEarth,distanceFromEarth,http://www.w3.org/2001/XMLSchema#decimal,decimal,datatype,http://yago-knowledge.org/resource/
YAGO,http://schema.org/AdministrativeArea,AdministrativeArea,http://yago-knowledge.org/resource/replaces,replaces,http://schema.org/AdministrativeArea,AdministrativeArea,object,http://yago-knowledge.org/resource/
YAGO,http://schema.org/AdministrativeArea,AdministrativeArea,http://yago-knowledge.org/resource/capital,capital,http://schema.org/City,City,object,http://yago-knowledge.org/resource/
YAGO,http://schema.org/AdministrativeArea,AdministrativeArea,http://schema.org/dateCreated,dateCreated,http://www.w3.org/2001/XMLSchema#dateTime,dateTime,datatype,http://schema.org/
YAGO,http://schema.org/AdministrativeArea,AdministrativeArea,http://schema.org/memberOf,memberOf,http://schema.org/Organization,Organization,object,http://schema.org/
YAGO,http://schema.org/AdministrativeArea,AdministrativeArea,http://yago-knowledge.org/resource/demonym,demonym,http://www.w3.org/2001/XMLSchema#string,string,datatype,http://yago-knowledge.org/resource/
YAGO,http://schema.org/AdministrativeArea,AdministrativeArea,http://schema.org/slogan,slogan,http://www.w3.org/2001/XMLSchema#string,string,datatype,http://schema.org/
YAGO,http://schema.org/AdministrativeArea,AdministrativeArea,http://schema.org/postalCode,postalCode,http://www.w3.org/2001/XMLSchema#string,string,datatype,http://schema.org/
YAGO,http://schema.org/AdministrativeArea,AdministrativeArea,http://yago-knowledge.org/resource/populationNumber,populationNumber,http://www.w3.org/2001/XMLSchema#decimal,decimal,datatype,http://yago-knowledge.org/resource/
YAGO,http://schema.org/AdministrativeArea,AdministrativeArea,http://yago-knowledge.org/resource/leader,leader,http://schema.org/Person,Person,object,http://yago-knowledge.org/resource/
YAGO,http://schema.org/Place,Place,http://yago-knowledge.org/resource/elevation,elevation,http://www.w3.org/2001/XMLSchema#decimal,decimal,datatype,http://yago-knowledge.org/resource/
YAGO,http://schema.org/Place,Place,http://schema.org/geo,geo,http://www.opengis.net/ont/geosparql#wktLiteral,wktLiteral,datatype,http://schema.org/
YAGO,http://schema.org/Place,Place,http://yago-knowledge.org/resource/lowestPoint,lowestPoint,http://schema.org/Place,Place,object,http://yago-knowledge.org/resource/
YAGO,http://schema.org/Place,Place,http://yago-knowledge.org/resource/highestPoint,highestPoint,http://schema.org/Place,Place,object,http://yago-knowledge.org/resource/
YAGO,http://schema.org/Place,Place,http://yago-knowledge.org/resource/neighbors,neighbors,http://schema.org/Place,Place,object,http://yago-knowledge.org/resource/
YAGO,http://schema.org/Place,Place,http://schema.org/location,location,http://schema.org/Place,Place,object,http://schema.org/
YAGO,http://schema.org/Place,Place,http://yago-knowledge.org/resource/area,area,http://www.w3.org/2001/XMLSchema#decimal,decimal,datatype,http://yago-knowledge.org/resource/
YAGO,http://schema.org/Airport,Airport,http://schema.org/iataCode,iataCode,http://www.w3.org/2001/XMLSchema#string,string,datatype,http://schema.org/
YAGO,http://schema.org/Airport,Airport,http://schema.org/icaoCode,icaoCode,http://www.w3.org/2001/XMLSchema#string,string,datatype,http://schema.org/
YAGO,http://schema.org/CreativeWork,CreativeWork,http://schema.org/author,author,http://schema.org/Organization,Organization,object,http://schema.org/
YAGO,http://schema.org/CreativeWork,CreativeWork,http://schema.org/author,author,http://schema.org/Person,Person,object,http://schema.org/
YAGO,http://schema.org/CreativeWork,CreativeWork,http://schema.org/about,about,http://schema.org/Thing,Thing,object,http://schema.org/
YAGO,http://schema.org/CreativeWork,CreativeWork,http://schema.org/dateCreated,dateCreated,http://www.w3.org/2001/XMLSchema#dateTime,dateTime,datatype,http://schema.org/
YAGO,http://schema.org/CreativeWork,CreativeWork,http://schema.org/dateCreated,dateCreated,http://www.w3.org/2001/XMLSchema#date,date,datatype,http://schema.org/
YAGO,http://schema.org/CreativeWork,CreativeWork,http://schema.org/dateCreated,dateCreated,http://www.w3.org/2001/XMLSchema#gYearMonth,gYearMonth,datatype,http://schema.org/
YAGO,http://schema.org/CreativeWork,CreativeWork,http://schema.org/dateCreated,dateCreated,http://www.w3.org/2001/XMLSchema#gYear,gYear,datatype,http://schema.org/
YAGO,http://schema.org/CreativeWork,CreativeWork,http://schema.org/award,award,http://yago-knowledge.org/resource/Award,Award,object,http://schema.org/
YAGO,http://schema.org/CreativeWork,CreativeWork,http://schema.org/inLanguage,inLanguage,http://schema.org/Language,Language,object,http://schema.org/
YAGO,http://schema.org/CreativeWork,CreativeWork,http://schema.org/contentLocation,contentLocation,http://schema.org/Place,Place,object,http://schema.org/
YAGO,http://schema.org/Newspaper,Newspaper,http://schema.org/sponsor,sponsor,http://schema.org/Organization,Organization,object,http://schema.org/
YAGO,http://schema.org/Newspaper,Newspaper,http://schema.org/sponsor,sponsor,http://schema.org/Person,Person,object,http://schema.org/
YAGO,http://schema.org/Newspaper,Newspaper,http://schema.org/publisher,publisher,http://schema.org/Organization,Organization,object,http://schema.org/
YAGO,http://schema.org/Newspaper,Newspaper,http://schema.org/publisher,publisher,http://schema.org/Person,Person,object,http://schema.org/
SemOpenAlex,https://semopenalex.org/ontology/Subfield,Subfield,http://www.w3.org/2004/02/skos/core#prefLabel,prefLabel,http://www.w3.org/2001/XMLSchema#string,string,datatype,http://www.w3.org/2004/02/skos/core#
SemOpenAlex,https://semopenalex.org/ontology/Subfield,Subfield,http://www.w3.org/2004/02/skos/core#broader,broader,https://semopenalex.org/ontology/Field,Field,object,http://www.w3.org/2004/02/skos/core#
SemOpenAlex,https://semopenalex.org/ontology/Subfield,Subfield,http://www.w3.org/2004/02/skos/core#note,note,http://www.w3.org/2001/XMLSchema#string,string,datatype,http://www.w3.org/2004/02/skos/core#
SemOpenAlex,https://semopenalex.org/ontology/Subfield,Subfield,http://purl.org/dc/terms/created,created,http://www.w3.org/2001/XMLSchema#date,date,datatype,http://purl.org/dc/terms/
SemOpenAlex,https://semopenalex.org/ontology/Subfield,Subfield,http://purl.org/dc/terms/modified,modified,http://www.w3.org/2001/XMLSchema#date,date,datatype,http://purl.org/dc/terms/
SemOpenAlex,https://semopenalex.org/ontology/Subfield,Subfield,http://www.w3.org/2004/02/skos/core#related,related,https://semopenalex.org/ontology/Subfield,Subfield,object,http://www.w3.org/2004/02/skos/core#
SemOpenAlex,https://semopenalex.org/ontology/Subfield,Subfield,https://semopenalex.org/ontology/worksCount,worksCount,http://www.w3.org/2001/XMLSchema#integer,integer,datatype,https://semopenalex.org/ontology/
SemOpenAlex,https://semopenalex.org/ontology/Subfield,Subfield,https://semopenalex.org/ontology/citedByCount,citedByCount,http://www.w3.org/2001/XMLSchema#integer,integer,datatype,https://semopenalex.org/ontology/
SemOpenAlex,https://semopenalex.org/ontology/Publisher,Publisher,https://semopenalex.org/ontology/ror,ror,http://www.w3.org/2001/XMLSchema#string,string,datatype,https://semopenalex.org/ontology/
SemOpenAlex,https://semopenalex.org/ontology/Publisher,Publisher,https://semopenalex.org/ontology/i10Index,i10Index,http://www.w3.org/2001/XMLSchema#integer,integer,datatype,https://semopenalex.org/ontology/
SemOpenAlex,https://semopenalex.org/ontology/Publisher,Publisher,https://semopenalex.org/ontology/countsByYear,countsByYear,https://semopenalex.org/ontology/CountsByYear,CountsByYear,object,https://semopenalex.org/ontology/
SemOpenAlex,https://semopenalex.org/ontology/Publisher,Publisher,http://purl.org/dc/terms/created,created,http://www.w3.org/2001/XMLSchema#date,date,datatype,http://purl.org/dc/terms/
SemOpenAlex,https://semopenalex.org/ontology/Publisher,Publisher,http://xmlns.com/foaf/0.1/name,name,http://www.w3.org/2001/XMLSchema#string,string,datatype,http://xmlns.com/foaf/0.1/
SemOpenAlex,https://semopenalex.org/ontology/Publisher,Publisher,https://semopenalex.org/ontology/2YrMeanCitedness,2YrMeanCitedness,http://www.w3.org/2001/XMLSchema#float,float,datatype,https://semopenalex.org/ontology/
SemOpenAlex,https://semopenalex.org/ontology/Publisher,Publisher,https://semopenalex.org/ontology/hasParentPublisher,hasParentPublisher,https://semopenalex.org/ontology/Publisher,Publisher,object,https://semopenalex.org/ontology/
SemOpenAlex,https://semopenalex.org/ontology/Publisher,Publisher,http://purl.org/spar/bido/h-index,h-index,http://www.w3.org/2001/XMLSchema#integer,integer,datatype,http://purl.org/spar/bido/
SemOpenAlex,https://semopenalex.org/ontology/Publisher,Publisher,https://semopenalex.org/ontology/citedByCount,citedByCount,http://www.w3.org/2001/XMLSchema#integer,integer,datatype,https://semopenalex.org/ontology/
SemOpenAlex,https://semopenalex.org/ontology/Publisher,Publisher,https://dbpedia.org/ontology/alternativeName,alternativeName,http://www.w3.org/2001/XMLSchema#string,string,datatype,https://dbpedia.org/ontology/
SemOpenAlex,https://semopenalex.org/ontology/Publisher,Publisher,http://purl.org/dc/terms/modified,modified,http://www.w3.org/2001/XMLSchema#date,date,datatype,http://purl.org/dc/terms/
SemOpenAlex,https://semopenalex.org/ontology/Publisher,Publisher,https://semopenalex.org/ontology/worksCount,worksCount,http://www.w3.org/2001/XMLSchema#integer,integer,datatype,https://semopenalex.org/ontology/
SemOpenAlex,https://semopenalex.org/ontology/Publisher,Publisher,https://semopenalex.org/ontology/level,level,http://www.w3.org/2001/XMLSchema#integer,integer,datatype,https://semopenalex.org/ontology/
SemOpenAlex,https://semopenalex.org/ontology/Publisher,Publisher,http://www.geonames.org/ontology#countryCode,countryCode,http://www.w3.org/2001/XMLSchema#string,string,datatype,http://www.geonames.org/ontology#
SemOpenAlex,https://semopenalex.org/ontology/Authorship,Authorship,https://semopenalex.org/ontology/hasOrganization,hasOrganization,https://semopenalex.org/ontology/Institution,Institution,object,https://semopenalex.org/ontology/
SemOpenAlex,https://semopenalex.org/ontology/Authorship,Authorship,https://semopenalex.org/ontology/isCorresponding,isCorresponding,http://www.w3.org/2001/XMLSchema#boolean,boolean,datatype,https://semopenalex.org/ontology/
SemOpenAlex,https://semopenalex.org/ontology/Authorship,Authorship,https://semopenalex.org/ontology/hasAuthor,hasAuthor,https://semopenalex.org/ontology/Author,Author,object,https://semopenalex.org/ontology/
SemOpenAlex,https://semopenalex.org/ontology/Authorship,Authorship,https://semopenalex.org/ontology/position,position,http://www.w3.org/2001/XMLSchema#integer,integer,datatype,https://semopenalex.org/ontology/
SemOpenAlex,https://semopenalex.org/ontology/Authorship,Authorship,https://semopenalex.org/ontology/rawAffiliation,rawAffiliation,http://www.w3.org/2001/XMLSchema#string,string,datatype,https://semopenalex.org/ontology/
SemOpenAlex,https://semopenalex.org/ontology/Work,Work,https://semopenalex.org/ontology/hasBestOaLocation,hasBestOaLocation,https://semopenalex.org/ontology/Location,Location,object,https://semopenalex.org/ontology/
SemOpenAlex,https://semopenalex.org/ontology/Work,Work,http://prismstandard.org/namespaces/basic/2.0/startingPage,startingPage,http://www.w3.org/2001/XMLSchema#string,string,datatype,http://prismstandard.org/namespaces/basic/2.0/
SemOpenAlex,https://semopenalex.org/ontology/Work,Work,http://prismstandard.org/namespaces/basic/2.0/publicationDate,publicationDate,http://www.w3.org/2001/XMLSchema#date,date,datatype,http://prismstandard.org/namespaces/basic/2.0/
SemOpenAlex,https://semopenalex.org/ontology/Work,Work,https://semopenalex.org/ontology/hasVolume,hasVolume,http://www.w3.org/2001/XMLSchema#string,string,datatype,https://semopenalex.org/ontology/
SemOpenAlex,https://semopenalex.org/ontology/Work,Work,https://semopenalex.org/ontology/crossrefType,crossrefType,http://www.w3.org/2001/XMLSchema#string,string,datatype,https://semopenalex.org/ontology/
SemOpenAlex,https://semopenalex.org/ontology/Work,Work,https://semopenalex.org/ontology/hasFunder,hasFunder,https://semopenalex.org/ontology/Funder,Funder,object,https://semopenalex.org/ontology/
SemOpenAlex,https://semopenalex.org/ontology/Work,Work,https://semopenalex.org/ontology/citedByCount,citedByCount,http://www.w3.org/2001/XMLSchema#integer,integer,datatype,https://semopenalex.org/ontology/
SemOpenAlex,https://semopenalex.org/ontology/Work,Work,https://semopenalex.org/ontology/countsByYear,countsByYear,https://semopenalex.org/ontology/CountsByYear,CountsByYear,object,https://semopenalex.org/ontology/
SemOpenAlex,https://semopenalex.org/ontology/Work,Work,https://semopenalex.org/ontology/isRetracted,isRetracted,http://www.w3.org/2001/XMLSchema#boolean,boolean,datatype,https://semopenalex.org/ontology/
SemOpenAlex,https://semopenalex.org/ontology/Work,Work,https://semopenalex.org/ontology/hasLocation,hasLocation,https://semopenalex.org/ontology/Location,Location,object,https://semopenalex.org/ontology/
SemOpenAlex,https://semopenalex.org/ontology/Work,Work,http://purl.org/dc/terms/title,title,http://www.w3.org/2001/XMLSchema#string,string,datatype,http://purl.org/dc/terms/
SemOpenAlex,https://semopenalex.org/ontology/Work,Work,https://semopenalex.org/ontology/hasIssue,hasIssue,http://www.w3.org/2001/XMLSchema#string,string,datatype,https://semopenalex.org/ontology/
SemOpenAlex,https://semopenalex.org/ontology/Work,Work,http://purl.org/dc/terms/abstract,abstract,http://www.w3.org/2001/XMLSchema#string,string,datatype,http://purl.org/dc/terms/
SemOpenAlex,https://semopenalex.org/ontology/Work,Work,https://semopenalex.org/ontology/magId,magId,http://www.w3.org/2001/XMLSchema#integer,integer,datatype,https://semopenalex.org/ontology/
SemOpenAlex,https://semopenalex.org/ontology/Work,Work,http://purl.org/spar/fabio/hasPubMedId,hasPubMedId,http://www.w3.org/2001/XMLSchema#string,string,datatype,http://purl.org/spar/fabio/
SemOpenAlex,https://semopenalex.org/ontology/Work,Work,http://purl.org/dc/terms/creator,creator,https://semopenalex.org/ontology/Author,Author,object,http://purl.org/dc/terms/
SemOpenAlex,https://semopenalex.org/ontology/Work,Work,http://purl.org/spar/cito/cites,cites,https://semopenalex.org/ontology/Work,Work,object,http://purl.org/spar/cito/
SemOpenAlex,https://semopenalex.org/ontology/Work,Work,https://semopenalex.org/ontology/hasRelatedWork,hasRelatedWork,https://semopenalex.org/ontology/Work,Work,object,https://semopenalex.org/ontology/
SemOpenAlex,https://semopenalex.org/ontology/Work,Work,https://semopenalex.org/ontology/hasAuthorship,hasAuthorship,https://semopenalex.org/ontology/Authorship,Authorship,object,https://semopenalex.org/ontology/
SemOpenAlex,https://semopenalex.org/ontology/Work,Work,http://purl.org/spar/fabio/hasPublicationYear,hasPublicationYear,http://www.w3.org/2001/XMLSchema#integer,integer,datatype,http://purl.org/spar/fabio/
SemOpenAlex,https://semopenalex.org/ontology/Work,Work,http://purl.org/dc/terms/created,created,http://www.w3.org/2001/XMLSchema#date,date,datatype,http://purl.org/dc/terms/
SemOpenAlex,https://semopenalex.org/ontology/Work,Work,http://purl.org/spar/fabio/hasPubMedCentralId,hasPubMedCentralId,http://www.w3.org/2001/XMLSchema#string,string,datatype,http://purl.org/spar/fabio/
SemOpenAlex,https://semopenalex.org/ontology/Work,Work,https://semopenalex.org/ontology/hasOpenAccess,hasOpenAccess,https://semopenalex.org/ontology/OpenAccess,OpenAccess,object,https://semopenalex.org/ontology/
SemOpenAlex,https://semopenalex.org/ontology/Work,Work,http://prismstandard.org/namespaces/basic/2.0/doi,doi,http://www.w3.org/2001/XMLSchema#anyURI,anyURI,datatype,http://prismstandard.org/namespaces/basic/2.0/
SemOpenAlex,https://semopenalex.org/ontology/Work,Work,https://semopenalex.org/ontology/hasPrimaryLocation,hasPrimaryLocation,https://semopenalex.org/ontology/Location,Location,object,https://semopenalex.org/ontology/
SemOpenAlex,https://semopenalex.org/ontology/Work,Work,http://prismstandard.org/namespaces/basic/2.0/endingPage,endingPage,http://www.w3.org/2001/XMLSchema#string,string,datatype,http://prismstandard.org/namespaces/basic/2.0/
SemOpenAlex,https://semopenalex.org/ontology/Work,Work,https://semopenalex.org/ontology/workType,workType,http://www.w3.org/2001/XMLSchema#string,string,datatype,https://semopenalex.org/ontology/
SemOpenAlex,https://semopenalex.org/ontology/Work,Work,http://purl.org/dc/terms/modified,modified,http://www.w3.org/2001/XMLSchema#date,date,datatype,http://purl.org/dc/terms/
SemOpenAlex,https://semopenalex.org/ontology/Work,Work,https://semopenalex.org/ontology/isParatext,isParatext,http://www.w3.org/2001/XMLSchema#boolean,boolean,datatype,https://semopenalex.org/ontology/
SemOpenAlex,https://semopenalex.org/ontology/Work,Work,https://dbpedia.org/property/countryCode,countryCode,http://www.w3.org/2001/XMLSchema#string,string,datatype,https://dbpedia.org/property/
SemOpenAlex,https://semopenalex.org/ontology/Work,Work,https://semopenalex.org/ontology/hasMesh,hasMesh,http://id.nlm.nih.gov/mesh/vocab#TopicalDescriptor,TopicalDescriptor,object,https://semopenalex.org/ontology/
SemOpenAlex,https://semopenalex.org/ontology/Work,Work,https://semopenalex.org/ontology/hasApcList,hasApcList,https://semopenalex.org/ontology/ArticleProcessingCharge,ArticleProcessingCharge,object,https://semopenalex.org/ontology/
SemOpenAlex,https://semopenalex.org/ontology/Work,Work,https://semopenalex.org/ontology/hasPrimaryTopic,hasPrimaryTopic,https://semopenalex.org/ontology/Topic,Topic,object,https://semopenalex.org/ontology/
SemOpenAlex,https://semopenalex.org/ontology/Work,Work,https://semopenalex.org/ontology/metadataLanguage,metadataLanguage,http://www.w3.org/2001/XMLSchema#string,string,datatype,https://semopenalex.org/ontology/
SemOpenAlex,https://semopenalex.org/ontology/Work,Work,https://semopenalex.org/ontology/indexedIn,indexedIn,http://www.w3.org/2001/XMLSchema#string,string,datatype,https://semopenalex.org/ontology/
SemOpenAlex,https://semopenalex.org/ontology/Work,Work,https://semopenalex.org/ontology/hasKeyword,hasKeyword,https://semopenalex.org/ontology/Keyword,Keyword,object,https://semopenalex.org/ontology/
SemOpenAlex,https://semopenalex.org/ontology/Work,Work,https://semopenalex.org/ontology/countriesDistinctCount,countriesDistinctCount,http://www.w3.org/2001/XMLSchema#integer,integer,datatype,https://semopenalex.org/ontology/
SemOpenAlex,https://semopenalex.org/ontology/Work,Work,https://semopenalex.org/ontology/hasSustainableDevelopmentGoal,hasSustainableDevelopmentGoal,http://metadata.un.org/sdg/ontology#Goal,Goal,object,https://semopenalex.org/ontology/
SemOpenAlex,https://semopenalex.org/ontology/Work,Work,https://semopenalex.org/ontology/hasTopic,hasTopic,https://semopenalex.org/ontology/Topic,Topic,object,https://semopenalex.org/ontology/
SemOpenAlex,https://semopenalex.org/ontology/Work,Work,https://semopenalex.org/ontology/institutionsDistinctCount,institutionsDistinctCount,http://www.w3.org/2001/XMLSchema#integer,integer,datatype,https://semopenalex.org/ontology/
SemOpenAlex,https://semopenalex.org/ontology/Work,Work,https://semopenalex.org/ontology/hasConcept,hasConcept,https://semopenalex.org/ontology/Concept,Concept,object,https://semopenalex.org/ontology/
SemOpenAlex,https://semopenalex.org/ontology/Institution,Institution,http://purl.org/dc/terms/modified,modified,http://www.w3.org/2001/XMLSchema#date,date,datatype,http://purl.org/dc/terms/
SemOpenAlex,https://semopenalex.org/ontology/Institution,Institution,https://semopenalex.org/ontology/magId,magId,http://www.w3.org/2001/XMLSchema#integer,integer,datatype,https://semopenalex.org/ontology/
SemOpenAlex,https://semopenalex.org/ontology/Institution,Institution,https://dbpedia.org/ontology/alternativeName,alternativeName,http://www.w3.org/2001/XMLSchema#string,string,datatype,https://dbpedia.org/ontology/
SemOpenAlex,https://semopenalex.org/ontology/Institution,Institution,http://xmlns.com/foaf/0.1/homepage,homepage,http://www.w3.org/2001/XMLSchema#anyURI,anyURI,datatype,http://xmlns.com/foaf/0.1/
SemOpenAlex,https://semopenalex.org/ontology/Institution,Institution,http://xmlns.com/foaf/0.1/name,name,http://www.w3.org/2001/XMLSchema#string,string,datatype,http://xmlns.com/foaf/0.1/
SemOpenAlex,https://semopenalex.org/ontology/Institution,Institution,https://dbpedia.org/property/countryCode,countryCode,http://www.w3.org/2001/XMLSchema#string,string,datatype,https://dbpedia.org/property/
SemOpenAlex,https://semopenalex.org/ontology/Institution,Institution,https://semopenalex.org/ontology/hasAssociatedInstitution,hasAssociatedInstitution,https://semopenalex.org/ontology/Institution,Institution,object,https://semopenalex.org/ontology/
SemOpenAlex,https://semopenalex.org/ontology/Institution,Institution,https://dbpedia.org/ontology/location,location,https://semopenalex.org/ontology/Geo,Geo,object,https://dbpedia.org/ontology/
SemOpenAlex,https://semopenalex.org/ontology/Institution,Institution,https://semopenalex.org/ontology/rorType,rorType,http://www.w3.org/2001/XMLSchema#string,string,datatype,https://semopenalex.org/ontology/
SemOpenAlex,https://semopenalex.org/ontology/Institution,Institution,http://www.w3.org/2000/01/rdf-schema#seeAlso,seeAlso,http://purl.org/spar/fabio/WikipediaEntry,WikipediaEntry,object,http://www.w3.org/2000/01/rdf-schema#
SemOpenAlex,https://semopenalex.org/ontology/Institution,Institution,http://xmlns.com/foaf/0.1/depiction,depiction,http://www.w3.org/2001/XMLSchema#string,string,datatype,http://xmlns.com/foaf/0.1/
SemOpenAlex,https://semopenalex.org/ontology/Institution,Institution,https://semopenalex.org/ontology/ror,ror,http://www.w3.org/2001/XMLSchema#anyURI,anyURI,datatype,https://semopenalex.org/ontology/
SemOpenAlex,https://semopenalex.org/ontology/Institution,Institution,http://purl.org/dc/terms/created,created,http://www.w3.org/2001/XMLSchema#date,date,datatype,http://purl.org/dc/terms/
SemOpenAlex,https://semopenalex.org/ontology/Institution,Institution,https://semopenalex.org/ontology/worksCount,worksCount,http://www.w3.org/2001/XMLSchema#integer,integer,datatype,https://semopenalex.org/ontology/
SemOpenAlex,https://semopenalex.org/ontology/Institution,Institution,https://semopenalex.org/ontology/imageThumbnail,imageThumbnail,http://www.w3.org/2001/XMLSchema#string,string,datatype,https://semopenalex.org/ontology/
SemOpenAlex,https://semopenalex.org/ontology/Institution,Institution,https://semopenalex.org/ontology/citedByCount,citedByCount,http://www.w3.org/2001/XMLSchema#integer,integer,datatype,https://semopenalex.org/ontology/
SemOpenAlex,https://semopenalex.org/ontology/Institution,Institution,https://dbpedia.org/property/acronym,acronym,http://www.w3.org/2001/XMLSchema#string,string,datatype,https://dbpedia.org/property/
SemOpenAlex,https://semopenalex.org/ontology/Institution,Institution,https://semopenalex.org/ontology/grid,grid,http://www.w3.org/2001/XMLSchema#string,string,datatype,https://semopenalex.org/ontology/
SemOpenAlex,https://semopenalex.org/ontology/Source,Source,https://semopenalex.org/ontology/2YrMeanCitedness,2YrMeanCitedness,http://www.w3.org/2001/XMLSchema#float,float,datatype,https://semopenalex.org/ontology/
SemOpenAlex,https://semopenalex.org/ontology/Source,Source,https://semopenalex.org/ontology/isInDoaj,isInDoaj,http://www.w3.org/2001/XMLSchema#boolean,boolean,datatype,https://semopenalex.org/ontology/
SemOpenAlex,https://semopenalex.org/ontology/Source,Source,https://semopenalex.org/ontology/hasHostOrganization,hasHostOrganization,https://semopenalex.org/ontology/Institution,Institution,object,https://semopenalex.org/ontology/
SemOpenAlex,https://semopenalex.org/ontology/Source,Source,https://semopenalex.org/ontology/hasHostOrganization,hasHostOrganization,https://semopenalex.org/ontology/Publisher,Publisher,object,https://semopenalex.org/ontology/
SemOpenAlex,https://semopenalex.org/ontology/Source,Source,https://semopenalex.org/ontology/citedByCount,citedByCount,http://www.w3.org/2001/XMLSchema#integer,integer,datatype,https://semopenalex.org/ontology/
SemOpenAlex,https://semopenalex.org/ontology/Source,Source,https://semopenalex.org/ontology/i10Index,i10Index,http://www.w3.org/2001/XMLSchema#integer,integer,datatype,https://semopenalex.org/ontology/
SemOpenAlex,https://semopenalex.org/ontology/Source,Source,https://semopenalex.org/ontology/countsByYear,countsByYear,https://semopenalex.org/ontology/CountsByYear,CountsByYear,object,https://semopenalex.org/ontology/
SemOpenAlex,https://semopenalex.org/ontology/Source,Source,https://semopenalex.org/ontology/sourceType,sourceType,http://www.w3.org/2001/XMLSchema#string,string,datatype,https://semopenalex.org/ontology/
SemOpenAlex,https://semopenalex.org/ontology/Source,Source,https://semopenalex.org/ontology/abbreviatedName,abbreviatedName,http://www.w3.org/2001/XMLSchema#string,string,datatype,https://semopenalex.org/ontology/
SemOpenAlex,https://semopenalex.org/ontology/Source,Source,http://purl.org/spar/bido/h-index,h-index,http://www.w3.org/2001/XMLSchema#integer,integer,datatype,http://purl.org/spar/bido/
SemOpenAlex,https://semopenalex.org/ontology/Source,Source,http://prismstandard.org/namespaces/basic/2.0/issn,issn,http://www.w3.org/2001/XMLSchema#string,string,datatype,http://prismstandard.org/namespaces/basic/2.0/
SemOpenAlex,https://semopenalex.org/ontology/Source,Source,https://dbpedia.org/ontology/alternativeName,alternativeName,http://www.w3.org/2001/XMLSchema#string,string,datatype,https://dbpedia.org/ontology/
SemOpenAlex,https://semopenalex.org/ontology/Source,Source,http://xmlns.com/foaf/0.1/name,name,http://www.w3.org/2001/XMLSchema#string,string,datatype,http://xmlns.com/foaf/0.1/
SemOpenAlex,https://semopenalex.org/ontology/Source,Source,https://semopenalex.org/ontology/isOa,isOa,http://www.w3.org/2001/XMLSchema#boolean,boolean,datatype,https://semopenalex.org/ontology/
SemOpenAlex,https://semopenalex.org/ontology/Source,Source,http://purl.org/dc/terms/publisher,publisher,http://www.w3.org/2001/XMLSchema#string,string,datatype,http://purl.org/dc/terms/
SemOpenAlex,https://semopenalex.org/ontology/Source,Source,http://www.geonames.org/ontology#countryCode,countryCode,http://www.w3.org/2001/XMLSchema#string,string,datatype,http://www.geonames.org/ontology#
SemOpenAlex,https://semopenalex.org/ontology/Source,Source,https://semopenalex.org/ontology/fatcatId,fatcatId,http://www.w3.org/2001/XMLSchema#string,string,datatype,https://semopenalex.org/ontology/
SemOpenAlex,https://semopenalex.org/ontology/Source,Source,https://semopenalex.org/ontology/apcUsd,apcUsd,http://www.w3.org/2001/XMLSchema#integer,integer,datatype,https://semopenalex.org/ontology/
SemOpenAlex,https://semopenalex.org/ontology/Source,Source,http://purl.org/spar/fabio/hasIssnL,hasIssnL,http://www.w3.org/2001/XMLSchema#string,string,datatype,http://purl.org/spar/fabio/
SemOpenAlex,https://semopenalex.org/ontology/Source,Source,http://xmlns.com/foaf/0.1/homepage,homepage,http://www.w3.org/2001/XMLSchema#anyURI,anyURI,datatype,http://xmlns.com/foaf/0.1/
SemOpenAlex,https://semopenalex.org/ontology/Field,Field,http://www.w3.org/2004/02/skos/core#note,note,http://www.w3.org/2001/XMLSchema#string,string,datatype,http://www.w3.org/2004/02/skos/core#
SemOpenAlex,https://semopenalex.org/ontology/Field,Field,http://www.w3.org/2004/02/skos/core#prefLabel,prefLabel,http://www.w3.org/2001/XMLSchema#string,string,datatype,http://www.w3.org/2004/02/skos/core#
SemOpenAlex,https://semopenalex.org/ontology/Field,Field,http://purl.org/dc/terms/created,created,http://www.w3.org/2001/XMLSchema#date,date,datatype,http://purl.org/dc/terms/
SemOpenAlex,https://semopenalex.org/ontology/Field,Field,https://semopenalex.org/ontology/worksCount,worksCount,http://www.w3.org/2001/XMLSchema#string,string,datatype,https://semopenalex.org/ontology/
SemOpenAlex,https://semopenalex.org/ontology/Field,Field,https://semopenalex.org/ontology/citedByCount,citedByCount,http://www.w3.org/2001/XMLSchema#integer,integer,datatype,https://semopenalex.org/ontology/
SemOpenAlex,https://semopenalex.org/ontology/Field,Field,http://www.w3.org/2004/02/skos/core#related,related,https://semopenalex.org/ontology/Field,Field,object,http://www.w3.org/2004/02/skos/core#
SemOpenAlex,https://semopenalex.org/ontology/Field,Field,http://purl.org/dc/terms/modified,modified,http://www.w3.org/2001/XMLSchema#date,date,datatype,http://purl.org/dc/terms/
SemOpenAlex,https://semopenalex.org/ontology/Field,Field,http://www.w3.org/2004/02/skos/core#altLabel,altLabel,http://www.w3.org/2001/XMLSchema#string,string,datatype,http://www.w3.org/2004/02/skos/core#
SemOpenAlex,https://semopenalex.org/ontology/Field,Field,http://www.w3.org/2004/02/skos/core#broader,broader,https://semopenalex.org/ontology/Domain,Domain,object,http://www.w3.org/2004/02/skos/core#
SemOpenAlex,https://semopenalex.org/ontology/Domain,Domain,https://semopenalex.org/ontology/worksCount,worksCount,http://www.w3.org/2001/XMLSchema#integer,integer,datatype,https://semopenalex.org/ontology/
SemOpenAlex,https://semopenalex.org/ontology/Domain,Domain,https://semopenalex.org/ontology/citedByCount,citedByCount,http://www.w3.org/2001/XMLSchema#integer,integer,datatype,https://semopenalex.org/ontology/
SemOpenAlex,https://semopenalex.org/ontology/Domain,Domain,http://www.w3.org/2004/02/skos/core#prefLabel,prefLabel,http://www.w3.org/2001/XMLSchema#string,string,datatype,http://www.w3.org/2004/02/skos/core#
SemOpenAlex,https://semopenalex.org/ontology/Domain,Domain,http://www.w3.org/2004/02/skos/core#altLabel,altLabel,http://www.w3.org/2001/XMLSchema#string,string,datatype,http://www.w3.org/2004/02/skos/core#
SemOpenAlex,https://semopenalex.org/ontology/Domain,Domain,http://www.w3.org/2004/02/skos/core#note,note,http://www.w3.org/2001/XMLSchema#string,string,datatype,http://www.w3.org/2004/02/skos/core#
SemOpenAlex,https://semopenalex.org/ontology/Domain,Domain,http://www.w3.org/2004/02/skos/core#related,related,https://semopenalex.org/ontology/Domain,Domain,object,http://www.w3.org/2004/02/skos/core#
SemOpenAlex,https://semopenalex.org/ontology/Domain,Domain,http://purl.org/dc/terms/created,created,http://www.w3.org/2001/XMLSchema#date,date,datatype,http://purl.org/dc/terms/
SemOpenAlex,https://semopenalex.org/ontology/Domain,Domain,http://purl.org/dc/terms/modified,modified,http://www.w3.org/2001/XMLSchema#date,date,datatype,http://purl.org/dc/terms/
SemOpenAlex,https://semopenalex.org/ontology/Keyword,Keyword,http://www.w3.org/2004/02/skos/core#prefLabel,prefLabel,http://www.w3.org/2001/XMLSchema#string,string,datatype,http://www.w3.org/2004/02/skos/core#
SemOpenAlex,https://semopenalex.org/ontology/Concept,Concept,https://semopenalex.org/ontology/countsByYear,countsByYear,https://semopenalex.org/ontology/CountsByYear,CountsByYear,object,https://semopenalex.org/ontology/
SemOpenAlex,https://semopenalex.org/ontology/Concept,Concept,http://xmlns.com/foaf/0.1/depiction,depiction,http://www.w3.org/2001/XMLSchema#string,string,datatype,http://xmlns.com/foaf/0.1/
SemOpenAlex,https://semopenalex.org/ontology/Concept,Concept,https://semopenalex.org/ontology/magId,magId,http://www.w3.org/2001/XMLSchema#integer,integer,datatype,https://semopenalex.org/ontology/
SemOpenAlex,https://semopenalex.org/ontology/Concept,Concept,https://semopenalex.org/ontology/umlsCui,umlsCui,http://www.w3.org/2001/XMLSchema#string,string,datatype,https://semopenalex.org/ontology/
SemOpenAlex,https://semopenalex.org/ontology/Concept,Concept,https://semopenalex.org/ontology/worksCount,worksCount,http://www.w3.org/2001/XMLSchema#integer,integer,datatype,https://semopenalex.org/ontology/
SemOpenAlex,https://semopenalex.org/ontology/Concept,Concept,https://semopenalex.org/ontology/level,level,http://www.w3.org/2001/XMLSchema#integer,integer,datatype,https://semopenalex.org/ontology/
SemOpenAlex,https://semopenalex.org/ontology/Concept,Concept,https://semopenalex.org/ontology/umlsAui,umlsAui,http://www.w3.org/2001/XMLSchema#string,string,datatype,https://semopenalex.org/ontology/
SemOpenAlex,https://semopenalex.org/ontology/Concept,Concept,https://semopenalex.org/ontology/citedByCount,citedByCount,http://www.w3.org/2001/XMLSchema#integer,integer,datatype,https://semopenalex.org/ontology/
SemOpenAlex,https://semopenalex.org/ontology/Concept,Concept,http://purl.org/dc/terms/created,created,http://www.w3.org/2001/XMLSchema#date,date,datatype,http://purl.org/dc/terms/
SemOpenAlex,https://semopenalex.org/ontology/Concept,Concept,https://semopenalex.org/ontology/imageThumbnail,imageThumbnail,http://www.w3.org/2001/XMLSchema#string,string,datatype,https://semopenalex.org/ontology/
SemOpenAlex,https://semopenalex.org/ontology/Concept,Concept,http://purl.org/dc/terms/modified,modified,http://www.w3.org/2001/XMLSchema#date,date,datatype,http://purl.org/dc/terms/
SemOpenAlex,https://semopenalex.org/ontology/ArticleProcessingCharge,ArticleProcessingCharge,https://semopenalex.org/ontology/hasPriceUsd,hasPriceUsd,http://www.w3.org/2001/XMLSchema#integer,integer,datatype,https://semopenalex.org/ontology/
SemOpenAlex,https://semopenalex.org/ontology/ArticleProcessingCharge,ArticleProcessingCharge,https://semopenalex.org/ontology/hasProvenance,hasProvenance,http://www.w3.org/2001/XMLSchema#string,string,datatype,https://semopenalex.org/ontology/
SemOpenAlex,https://semopenalex.org/ontology/ArticleProcessingCharge,ArticleProcessingCharge,https://semopenalex.org/ontology/hasCurrency,hasCurrency,http://www.w3.org/2001/XMLSchema#string,string,datatype,https://semopenalex.org/ontology/
SemOpenAlex,https://semopenalex.org/ontology/ArticleProcessingCharge,ArticleProcessingCharge,https://semopenalex.org/ontology/hasPrice,hasPrice,http://www.w3.org/2001/XMLSchema#integer,integer,datatype,https://semopenalex.org/ontology/
SemOpenAlex,https://semopenalex.org/ontology/ArticleProcessingCharge,ArticleProcessingCharge,https://semopenalex.org/ontology/hasValueUsd,hasValueUsd,http://www.w3.org/2001/XMLSchema#integer,integer,datatype,https://semopenalex.org/ontology/
SemOpenAlex,https://semopenalex.org/ontology/ArticleProcessingCharge,ArticleProcessingCharge,https://semopenalex.org/ontology/hasValue,hasValue,http://www.w3.org/2001/XMLSchema#integer,integer,datatype,https://semopenalex.org/ontology/
SemOpenAlex,https://semopenalex.org/ontology/Funder,Funder,https://semopenalex.org/ontology/alternativeName,alternativeName,http://www.w3.org/2001/XMLSchema#string,string,datatype,https://semopenalex.org/ontology/
SemOpenAlex,https://semopenalex.org/ontology/Funder,Funder,http://purl.org/dc/terms/created,created,http://www.w3.org/2001/XMLSchema#date,date,datatype,http://purl.org/dc/terms/
SemOpenAlex,https://semopenalex.org/ontology/Funder,Funder,https://semopenalex.org/ontology/ror,ror,http://www.w3.org/2001/XMLSchema#anyURI,anyURI,datatype,https://semopenalex.org/ontology/
SemOpenAlex,https://semopenalex.org/ontology/Funder,Funder,https://dbpedia.org/property/countryCode,countryCode,http://www.w3.org/2001/XMLSchema#string,string,datatype,https://dbpedia.org/property/
SemOpenAlex,https://semopenalex.org/ontology/Funder,Funder,https://semopenalex.org/ontology/worksCount,worksCount,http://www.w3.org/2001/XMLSchema#integer,integer,datatype,https://semopenalex.org/ontology/
SemOpenAlex,https://semopenalex.org/ontology/Funder,Funder,http://xmlns.com/foaf/0.1/name,name,http://www.w3.org/2001/XMLSchema#string,string,datatype,http://xmlns.com/foaf/0.1/
SemOpenAlex,https://semopenalex.org/ontology/Funder,Funder,https://semopenalex.org/ontology/citedByCount,citedByCount,http://www.w3.org/2001/XMLSchema#integer,integer,datatype,https://semopenalex.org/ontology/
SemOpenAlex,https://semopenalex.org/ontology/Funder,Funder,http://purl.org/dc/terms/description,description,http://www.w3.org/2001/XMLSchema#string,string,datatype,http://purl.org/dc/terms/
SemOpenAlex,https://semopenalex.org/ontology/Funder,Funder,https://semopenalex.org/ontology/2YrMeanCitedness,2YrMeanCitedness,http://www.w3.org/2001/XMLSchema#float,float,datatype,https://semopenalex.org/ontology/
SemOpenAlex,https://semopenalex.org/ontology/Funder,Funder,http://prismstandard.org/namespaces/basic/2.0/doi,doi,http://www.w3.org/2001/XMLSchema#anyURI,anyURI,datatype,http://prismstandard.org/namespaces/basic/2.0/
SemOpenAlex,https://semopenalex.org/ontology/Funder,Funder,https://semopenalex.org/ontology/crossref,crossref,http://www.w3.org/2001/XMLSchema#string,string,datatype,https://semopenalex.org/ontology/
SemOpenAlex,https://semopenalex.org/ontology/Funder,Funder,http://purl.org/spar/bido/h-index,h-index,http://www.w3.org/2001/XMLSchema#integer,integer,datatype,http://purl.org/spar/bido/
SemOpenAlex,https://semopenalex.org/ontology/Funder,Funder,https://semopenalex.org/ontology/i10Index,i10Index,http://www.w3.org/2001/XMLSchema#integer,integer,datatype,https://semopenalex.org/ontology/
SemOpenAlex,https://semopenalex.org/ontology/Funder,Funder,https://semopenalex.org/ontology/countsByYear,countsByYear,https://semopenalex.org/ontology/CountsByYear,CountsByYear,object,https://semopenalex.org/ontology/
SemOpenAlex,https://semopenalex.org/ontology/Funder,Funder,https://semopenalex.org/ontology/grantsCount,grantsCount,http://www.w3.org/2001/XMLSchema#integer,integer,datatype,https://semopenalex.org/ontology/
SemOpenAlex,https://semopenalex.org/ontology/Funder,Funder,http://purl.org/dc/terms/modified,modified,http://www.w3.org/2001/XMLSchema#date,date,datatype,http://purl.org/dc/terms/
SemOpenAlex,https://semopenalex.org/ontology/Funder,Funder,http://xmlns.com/foaf/0.1/homepage,homepage,http://www.w3.org/2001/XMLSchema#anyURI,anyURI,datatype,http://xmlns.com/foaf/0.1/
SemOpenAlex,https://semopenalex.org/ontology/Location,Location,https://semopenalex.org/ontology/hasSource,hasSource,https://semopenalex.org/ontology/Source,Source,object,https://semopenalex.org/ontology/
SemOpenAlex,https://semopenalex.org/ontology/Location,Location,http://purl.org/spar/fabio/hasURL,hasURL,http://www.w3.org/2001/XMLSchema#string,string,datatype,http://purl.org/spar/fabio/
SemOpenAlex,https://semopenalex.org/ontology/Location,Location,https://semopenalex.org/ontology/hasVersion,hasVersion,http://www.w3.org/2001/XMLSchema#string,string,datatype,https://semopenalex.org/ontology/
SemOpenAlex,https://semopenalex.org/ontology/Location,Location,https://semopenalex.org/ontology/isOa,isOa,http://www.w3.org/2001/XMLSchema#boolean,boolean,datatype,https://semopenalex.org/ontology/
SemOpenAlex,https://semopenalex.org/ontology/Location,Location,http://purl.org/dc/terms/license,license,http://www.w3.org/2001/XMLSchema#string,string,datatype,http://purl.org/dc/terms/
SemOpenAlex,https://semopenalex.org/ontology/Location,Location,https://semopenalex.org/ontology/pdfUrl,pdfUrl,http://www.w3.org/2001/XMLSchema#string,string,datatype,https://semopenalex.org/ontology/
SemOpenAlex,https://semopenalex.org/ontology/CountsByYear,CountsByYear,https://semopenalex.org/ontology/citedByCount,citedByCount,http://www.w3.org/2001/XMLSchema#integer,integer,datatype,https://semopenalex.org/ontology/
SemOpenAlex,https://semopenalex.org/ontology/CountsByYear,CountsByYear,https://semopenalex.org/ontology/worksCount,worksCount,http://www.w3.org/2001/XMLSchema#integer,integer,datatype,https://semopenalex.org/ontology/
SemOpenAlex,https://semopenalex.org/ontology/CountsByYear,CountsByYear,https://semopenalex.org/ontology/year,year,http://www.w3.org/2001/XMLSchema#integer,integer,datatype,https://semopenalex.org/ontology/
SemOpenAlex,http://www.w3.org/2004/02/skos/core#Concept,Concept,http://www.w3.org/2004/02/skos/core#broader,broader,http://www.w3.org/2004/02/skos/core#Concept,Concept,object,http://www.w3.org/2004/02/skos/core#
SemOpenAlex,http://www.w3.org/2004/02/skos/core#Concept,Concept,http://www.w3.org/2000/01/rdf-schema#seeAlso,seeAlso,http://purl.org/spar/fabio/WikipediaEntry,WikipediaEntry,object,http://www.w3.org/2000/01/rdf-schema#
SemOpenAlex,http://www.w3.org/2004/02/skos/core#Concept,Concept,http://www.w3.org/2004/02/skos/core#prefLabel,prefLabel,http://www.w3.org/2001/XMLSchema#string,string,datatype,http://www.w3.org/2004/02/skos/core#
SemOpenAlex,http://www.w3.org/2004/02/skos/core#Concept,Concept,http://www.w3.org/2004/02/skos/core#note,note,http://www.w3.org/2001/XMLSchema#string,string,datatype,http://www.w3.org/2004/02/skos/core#
SemOpenAlex,http://www.w3.org/2004/02/skos/core#Concept,Concept,http://www.w3.org/2004/02/skos/core#related,related,http://www.w3.org/2004/02/skos/core#Concept,Concept,object,http://www.w3.org/2004/02/skos/core#
SemOpenAlex,https://semopenalex.org/ontology/Topic,Topic,http://www.w3.org/2004/02/skos/core#note,note,http://www.w3.org/2001/XMLSchema#string,string,datatype,http://www.w3.org/2004/02/skos/core#
SemOpenAlex,https://semopenalex.org/ontology/Topic,Topic,http://purl.org/dc/terms/created,created,http://www.w3.org/2001/XMLSchema#date,date,datatype,http://purl.org/dc/terms/
SemOpenAlex,https://semopenalex.org/ontology/Topic,Topic,https://semopenalex.org/ontology/citedByCount,citedByCount,http://www.w3.org/2001/XMLSchema#integer,integer,datatype,https://semopenalex.org/ontology/
SemOpenAlex,https://semopenalex.org/ontology/Topic,Topic,http://purl.org/dc/terms/modified,modified,http://www.w3.org/2001/XMLSchema#date,date,datatype,http://purl.org/dc/terms/
SemOpenAlex,https://semopenalex.org/ontology/Topic,Topic,https://semopenalex.org/ontology/worksCount,worksCount,http://www.w3.org/2001/XMLSchema#integer,integer,datatype,https://semopenalex.org/ontology/
SemOpenAlex,https://semopenalex.org/ontology/Topic,Topic,http://www.w3.org/2004/02/skos/core#broader,broader,https://semopenalex.org/ontology/Subfield,Subfield,object,http://www.w3.org/2004/02/skos/core#
SemOpenAlex,https://semopenalex.org/ontology/Topic,Topic,http://www.w3.org/2004/02/skos/core#prefLabel,prefLabel,http://www.w3.org/2001/XMLSchema#string,string,datatype,http://www.w3.org/2004/02/skos/core#
SemOpenAlex,https://semopenalex.org/ontology/Topic,Topic,https://semopenalex.org/ontology/hasKeyword,hasKeyword,https://semopenalex.org/ontology/Keyword,Keyword,object,https://semopenalex.org/ontology/
SemOpenAlex,https://semopenalex.org/ontology/Topic,Topic,http://www.w3.org/2004/02/skos/core#related,related,https://semopenalex.org/ontology/Topic,Topic,object,http://www.w3.org/2004/02/skos/core#
SemOpenAlex,http://id.nlm.nih.gov/mesh/vocab#TopicalDescriptor,TopicalDescriptor,http://www.w3.org/2004/02/skos/core#prefLabel,prefLabel,http://www.w3.org/2001/XMLSchema#string,string,datatype,http://www.w3.org/2004/02/skos/core#
SemOpenAlex,https://semopenalex.org/ontology/Author,Author,https://semopenalex.org/ontology/2YrMeanCitedness,2YrMeanCitedness,http://www.w3.org/2001/XMLSchema#float,float,datatype,https://semopenalex.org/ontology/
SemOpenAlex,https://semopenalex.org/ontology/Author,Author,http://purl.org/spar/bido/h-index,h-index,http://www.w3.org/2001/XMLSchema#integer,integer,datatype,http://purl.org/spar/bido/
SemOpenAlex,https://semopenalex.org/ontology/Author,Author,http://purl.org/dc/terms/created,created,http://www.w3.org/2001/XMLSchema#date,date,datatype,http://purl.org/dc/terms/
SemOpenAlex,https://semopenalex.org/ontology/Author,Author,https://semopenalex.org/ontology/worksCount,worksCount,http://www.w3.org/2001/XMLSchema#integer,integer,datatype,https://semopenalex.org/ontology/
SemOpenAlex,https://semopenalex.org/ontology/Author,Author,https://semopenalex.org/ontology/alternativeName,alternativeName,http://www.w3.org/2001/XMLSchema#string,string,datatype,https://semopenalex.org/ontology/
SemOpenAlex,https://semopenalex.org/ontology/Author,Author,https://dbpedia.org/property/twitter,twitter,http://www.w3.org/2001/XMLSchema#string,string,datatype,https://dbpedia.org/property/
SemOpenAlex,https://semopenalex.org/ontology/Author,Author,http://xmlns.com/foaf/0.1/name,name,http://www.w3.org/2001/XMLSchema#string,string,datatype,http://xmlns.com/foaf/0.1/
SemOpenAlex,https://semopenalex.org/ontology/Author,Author,https://semopenalex.org/ontology/i10Index,i10Index,http://www.w3.org/2001/XMLSchema#integer,integer,datatype,https://semopenalex.org/ontology/
SemOpenAlex,https://semopenalex.org/ontology/Author,Author,https://dbpedia.org/property/scopus,scopus,http://www.w3.org/2001/XMLSchema#string,string,datatype,https://dbpedia.org/property/
SemOpenAlex,https://semopenalex.org/ontology/Author,Author,https://semopenalex.org/ontology/citedByCount,citedByCount,http://www.w3.org/2001/XMLSchema#integer,integer,datatype,https://semopenalex.org/ontology/
SemOpenAlex,https://semopenalex.org/ontology/Author,Author,https://dbpedia.org/ontology/orcidId,orcidId,http://www.w3.org/2001/XMLSchema#string,string,datatype,https://dbpedia.org/ontology/
SemOpenAlex,https://semopenalex.org/ontology/Author,Author,https://semopenalex.org/ontology/countsByYear,countsByYear,https://semopenalex.org/ontology/CountsByYear,CountsByYear,object,https://semopenalex.org/ontology/
SemOpenAlex,https://semopenalex.org/ontology/Author,Author,https://semopenalex.org/ontology/magId,magId,http://www.w3.org/2001/XMLSchema#integer,integer,datatype,https://semopenalex.org/ontology/
SemOpenAlex,https://semopenalex.org/ontology/Author,Author,http://purl.org/dc/terms/modified,modified,http://www.w3.org/2001/XMLSchema#date,date,datatype,http://purl.org/dc/terms/
SemOpenAlex,https://semopenalex.org/ontology/Author,Author,http://www.w3.org/ns/org#memberOf,memberOf,https://semopenalex.org/ontology/Institution,Institution,object,http://www.w3.org/ns/org#
SemOpenAlex,https://semopenalex.org/ontology/Author,Author,https://semopenalex.org/ontology/hasAffiliation,hasAffiliation,https://semopenalex.org/ontology/Institution,Institution,object,https://semopenalex.org/ontology/
SemOpenAlex,https://semopenalex.org/ontology/Geo,Geo,https://dbpedia.org/property/city,city,http://www.w3.org/2001/XMLSchema#string,string,datatype,https://dbpedia.org/property/
SemOpenAlex,https://semopenalex.org/ontology/Geo,Geo,https://dbpedia.org/property/region,region,http://www.w3.org/2001/XMLSchema#string,string,datatype,https://dbpedia.org/property/
SemOpenAlex,https://semopenalex.org/ontology/Geo,Geo,http://www.w3.org/2003/01/geo/wgs84_pos#long,long,http://www.w3.org/2001/XMLSchema#float,float,datatype,http://www.w3.org/2003/01/geo/wgs84_pos#
SemOpenAlex,https://semopenalex.org/ontology/Geo,Geo,https://dbpedia.org/property/countryCode,countryCode,http://www.w3.org/2001/XMLSchema#string,string,datatype,https://dbpedia.org/property/
SemOpenAlex,https://semopenalex.org/ontology/Geo,Geo,https://dbpedia.org/property/country,country,http://www.w3.org/2001/XMLSchema#string,string,datatype,https://dbpedia.org/property/
SemOpenAlex,https://semopenalex.org/ontology/Geo,Geo,http://www.w3.org/2003/01/geo/wgs84_pos#lat,lat,http://www.w3.org/2001/XMLSchema#float,float,datatype,http://www.w3.org/2003/01/geo/wgs84_pos#
SemOpenAlex,http://metadata.un.org/sdg/ontology#Goal,Goal,http://www.w3.org/2004/02/skos/core#prefLabel,prefLabel,http://www.w3.org/2001/XMLSchema#string,string,datatype,http://www.w3.org/2004/02/skos/core#
SemOpenAlex,https://semopenalex.org/ontology/OpenAccess,OpenAccess,https://semopenalex.org/ontology/oaStatus,oaStatus,http://www.w3.org/2001/XMLSchema#string,string,datatype,https://semopenalex.org/ontology/
SemOpenAlex,https://semopenalex.org/ontology/OpenAccess,OpenAccess,https://semopenalex.org/ontology/isOa,isOa,http://www.w3.org/2001/XMLSchema#boolean,boolean,datatype,https://semopenalex.org/ontology/
SemOpenAlex,https://semopenalex.org/ontology/OpenAccess,OpenAccess,https://semopenalex.org/ontology/oaUrl,oaUrl,http://www.w3.org/2001/XMLSchema#string,string,datatype,https://semopenalex.org/ontology/
